PR,URL,Title,Content type,Is rendered page,HTTP status code,SERP title,No. of content words,Page text,Extracted text (raw <body>) (length),Text hash,Organic traffic,Is indexable page
40,https://migratingmammals.com/,Migrating Mammals,text/html; charset=utf-8,false,200,,1769,"Migrating Mammals
Migrating Mammals ToolsGuidesLists
Migrating Mammals
74 free tools, guides, and resources. No sign-ups required.
🛠️ TOOLS Calculators & Tools
Free, instant calculators — no sign-ups required.
🛠️ Cost of Living Comparator | Migrating Mammals
Free tool to compare the cost of living between two cities. Compare rent, food, transport, and utilities with…
🛠️ Cruise Ship Tracker: Real-Time Voyage Progress Calculator
Wondering when the ship arrives? Calculate live cruise ship tracking progress, ETA, and distance remaining based on…
🛠️ Cruise Tracker & Voyage Calculator
Planning a cruise? You might be surprised by the hidden costs. Calculate your exact voyage expenses and track your…
🛠️ Offline Currency Converter | Migrating Mammals
Free offline currency converter for 50+ fiat currencies and major cryptocurrencies. Calculate exchange rates instantly…
🧮 Distance Calculator | Migrating Mammals
Calculate the distance between two locations in kilometers and miles. Get driving time estimates. Works offline.
🛠️ Trip Expense Splitter | Migrating Mammals
Free tool to split group expenses fairly. Calculate minimum transactions and handle multi-currency trips easily.
🛠️ Flight Time Calculator | Migrating Mammals
Calculate flight time between airports including Great Circle Distance, wind pattern adjustments, and layovers. Works…
🛠️ Flotilla Tracker & Logistics Calculator
Plan your naval flotilla or convoy operations. Calculate fleet transit times, overall marine fuel consumption, and…
🛠️ Google Flight Tracker & Route Analyzer
Want to know the real cost of your next trip? Discover the mechanics behind the Google flight tracker and see what…
🛠️ Hurricane Erin Tracker 2025: Live Distance & ETA Calculator
Is Hurricane Erin heading your way? Calculate the exact distance and estimated time of arrival based on current…
🛠️ Hurricane Melissa Tracker Live | Real-Time Path & Impact
Track Hurricane Melissa's path, wind speed, and estimated impact time. Will it make landfall tonight? Use our live…
🛠️ Jet Lag Calculator & Recovery Plan | Migrating Mammals
Calculate your expected jet lag severity and generate a personalized schedule to adjust to your new timezone before you…
🛠️ Digital Nomad Tax Estimator | Migrating Mammals
Free offline digital nomad tax estimator. Calculate your potential tax obligations based on residency, income sources,…
🛠️ Travel Power Adapter Guide & Calculator | Migrating Mammals
Check plug types, voltage, and frequency by country. Instantly know if you need a travel power adapter or voltage…
🧮 Schengen 90/180 Day Calculator | Migrating Mammals
Free tool to track your days in the Schengen zone. Add trip dates, see remaining days, and get warnings before you…
🛠️ Taylor Swift Flight Tracker & CO2 Emissions Calculator
Track the estimated fuel consumption and CO2 emissions of Taylor Swift's private jet flights. How big is the carbon…
🛠️ Timezone Converter | Migrating Mammals
Convert times accurately between global timezones. Automatically accounts for Daylight Saving Time (DST) and local…
🧮 Timezone Meeting Planner | Migrating Mammals
Plan meetings across multiple timezones. Find overlapping business hours for up to 5 cities globally.
🛠️ Travel Budget Planner | Migrating Mammals
Free tool to plan your travel budget by destination. Estimate daily and total costs for accommodation, food, flights,…
⚖️ Interactive Travel Card Comparison Tool
Input your monthly spending to find the best travel credit card for your specific lifestyle and travel goals.
🛠️ Trip Countdown Timer | Migrating Mammals
Free tool to track countdowns for multiple upcoming trips. Shows remaining days, hours, and minutes for all your travel…
🔍 Visa Requirement Checker | Migrating Mammals
Check visa requirements, visa-free days, and e-visa options based on your passport and destination.
🔬 STUDIES Research & Analysis
Data-driven research with real numbers.
Points vs Cashback for Travelers: The Math
A mathematical breakdown of whether travel points or cashback will save you more money.
Best Travel Credit Cards Compared
Comprehensive guide to the best travel credit cards, comparing points, FX fees, lounge access, and insurance.
📖 GUIDES Guides & Explainers
Clear, jargon-free explanations.
📖 Airport Code Lookup | Migrating Mammals
Search over 5000 airport codes worldwide. Find IATA, ICAO, full name, city, country, and timezone. Works offline.
📖 Coworking Space Prices Around the World 2026 | migratingmammals.com
Compare coworking day pass and monthly prices across 50+ cities popular with digital nomads.
📖 International Dialing Codes | Migrating Mammals
Search and copy international country dialing codes. Includes emergency numbers and mobile prefix guides.
📖 First Month Abroad: A Step-by-Step Guide
Learn what to prioritize during your first month abroad, from finding long-term housing to registering with local…
📖 Coworking Spaces: How to Choose | Migrating Mammals
Complete guide to finding the best coworking spaces. Learn about day passes, monthly memberships, essential amenities,…
📖 Guide to Credit Card Churning
Learn the basics of credit card churning, including sign-up bonuses, application timing, and credit score impacts.
📖 The Complete Guide to Becoming a Digital Nomad (2026)
Everything about the digital nomad lifestyle: remote work visas, cost of living, taxes, best cities, coworking, and…
📖 Guide to Managing Health Records Abroad
Learn how to organize your medical history, transfer prescriptions, and manage your health records when moving abroad.
📖 International Banking Guide for Expats
Learn how to manage your money across borders using Wise, Revolut, local bank accounts, and effective currency exchange…
📖 Mail Forwarding & Virtual Mailboxes for Expats
Learn how to manage your physical mail while living abroad using virtual mailboxes, legal addresses, and mail…
📖 Managing Money While Traveling: Complete Guide
Learn how to handle money abroad efficiently. Discover the best travel cards, currency exchange strategies, ways to…
📖 How to Pack Light for Long-Term Travel — Complete Guide
Master the art of one-bag travel. Proven strategies, packing lists, and gear recommendations for traveling light on…
📖 Pet Relocation Guide: Moving Abroad with Animals
Learn the requirements for moving your pet abroad, including vaccinations, microchipping, airline policies, and…
📖 Guide to Phone Plans Abroad: eSIMs & Keeping Your Number
Learn how to use eSIMs, buy local SIM cards, and affordably keep your home country phone number when moving abroad.
📖 Remote Work Visas by Country | Migrating Mammals
Complete guide to digital nomad visas. Requirements, costs, duration by country. Application tips.
📖 Schengen 90/180 Rule Explained | Migrating Mammals
Complete guide to the Schengen 90/180 day rule. How to calculate, common mistakes, country-by-country entry.
📖 Guide to Shipping Belongings Abroad
Compare sea freight vs air freight, understand customs duties, and use our tips to save money when shipping your…
📖 Slow Travel: The Complete Guide | Migrating Mammals
A comprehensive reference guide on why slow travel is better, comparing month-long stays vs city hopping, detailing…
📖 Guide to Tax Residency Abroad
Understand tax residency abroad, exit taxes, double taxation treaties, and rules set by the CRA and IRS when you move…
📖 Managing Time Zones as a Remote Worker
A practical guide to working across time zones: scheduling tools, overlap strategies, jet lag management, and async…
📖 Digital Nomad Travel Insurance Guide | Migrating Mammals
A comprehensive reference guide comparing travel insurance options for digital nomads: SafetyWing, World Nomads, and…
📖 How to Plan International Travel: Complete Guide
A comprehensive travel planning guide: visas, flights, packing, budgets, insurance, and checklists for stress-free…
📖 How to Use a Flight Tracker: A Complete Guide
Learn exactly how to track any flight in real-time, anticipate delays, and master flight tracking apps like a pro...
📖 Travel Phrases Cheat Sheet | Migrating Mammals
Essential travel phrases in 20+ languages. Quick translations for greetings, directions, food, emergencies, and…
📖 Best Credit Cards for Airport Lounge Access
A guide to credit cards offering airport lounge access through Priority Pass, Plaza Premium, and airline lounges.
📖 Best No Foreign Transaction Fee Cards
Discover the best no foreign transaction fee cards to save 2.5% on every purchase abroad.
⚖️ Interactive City Cost Comparison
Rent, food, transport side-by-side.
📖 Bali Nomad Guide
Canggu vs Ubud, visa runs, coworking.
📖 Bangkok Nomad Guide
Neighborhoods, coworking, costs, visa, food.
📖 Chiang Mai Nomad Guide
OG hub, costs, smoke season, community.
📖 Lisbon Nomad Guide
D7/D8 visa, costs, coworking, weather.
📖 Medellin Nomad Guide
Poblado vs Laureles, safety, costs.
📖 Mexico City Nomad Guide
Roma/Condesa, costs, safety, food, altitude.
📖 Tbilisi Nomad Guide
1-year visa, ultra-low costs, wine, safety.
📖 Digital Nomad Average Salaries by Role 2026
Compare remote worker salaries across 30+ remote-friendly roles including engineering, design, marketing, and more.
📖 Smart Packing List Generator | Migrating Mammals
Generate a customized packing list based on your trip's climate, duration, and planned activities. Works offline.
📖 Timezone Overlap Finder | Migrating Mammals
Find overlapping work hours between multiple cities. Visual 24-hour bar showing each timezone with green overlap zones.
📖 Travel Credit Card Foreign Transaction Fee Comparison 2026
Compare foreign transaction fees, annual fees, and travel perks across major US credit cards. Find the best travel card…
📖 Credit Card Travel Insurance Explained
Understand what credit card travel insurance actually covers and how the claims process works.
📖 World Clock Dashboard | Migrating Mammals
View the current time in multiple cities. Instantly identify business hour overlaps and day/night cycles across…
📋 LISTS Lists & Rankings
Curated, ranked, and compared.
📋 25 Best Cities for Digital Nomads in 2026
Ranked based on cost, internet, safety, visa, community, and weather.
📋 Best Travel Credit Cards in Canada
A review of the best travel credit cards for Canadians, including the Amex Cobalt, Scotia Passport, and CIBC Aventura.
📋 Best Travel Credit Cards in the US
A comprehensive guide to the best travel credit cards in the US, featuring Chase Sapphire, Amex Gold, and Capital One…
📋 Best eSIM Providers for Travel | Migrating Mammals
A curated comparison of the best eSIM providers for international travel. Compare Airalo, Holafly, Nomad, and Ubigi…
📋 Best Cities for Digital Nomads in 2025 | Migrating Mammals
Top digital nomad cities ranked by cost, internet, community, safety, and visa options. Compare Chiang Mai, Lisbon,…
📋 Essential Travel Apps | Migrating Mammals
Curated list of must-have travel apps for digital nomads and travelers. Compare maps, translation, accommodation,…
📋 Best Travel Credit Cards (No FX Fees) | Migrating Mammals
A curated comparison of the best travel credit cards with no foreign transaction fees. Compare airport lounges, travel…
📋 Best VPNs for Travel | Migrating Mammals
Compare the best VPNs for travelers: NordVPN, ExpressVPN, Surfshark, and Mullvad. Analyze speed, privacy, streaming,…
✅ Moving Abroad Checklist: The Ultimate 40-Step Guide
A complete 40-step checklist for moving abroad. Covering everything from 6 months out to your first month in your new…
✅ International Travel Checklist | Migrating Mammals
A comprehensive pre-departure checklist for international travel. Ensure you have your documents, health items,…
© 2026 Migrating Mammals · A GAB Ventures property. Not investment advice. All information for educational purposes only.",12058,3845005845869913852,0,true
