PR,URL,Title,Content type,Is rendered page,HTTP status code,Organic traffic,Depth,Internal outlinks to 4xx,Internal outlinks codes (4xx),No. of internal outlinks to 4xx,External outlinks to 4xx,External outlinks codes (4xx),No. of external outlinks to 4xx
20,https://westmountfundamentals.com/best-stocks-to-buy,Best Stocks to Buy Now: Top Picks for 2025 and 2026,text/html; charset=utf-8,false,200,0,0,"https://westmountfundamentals.com/sites/westmount/dividend-kings
https://westmountfundamentals.com/sites/westmount/high-yield-dividend-etfs","404
404",2,,,0
20,https://westmountfundamentals.com/high-yield-dividend-etfs,Top High-Yield Dividend ETFs for Passive Income,text/html; charset=utf-8,false,200,0,0,"https://westmountfundamentals.com/sites/westmount/best-stocks-to-buy
https://westmountfundamentals.com/sites/westmount/dividend-kings","404
404",2,,,0
20,https://westmountfundamentals.com/investment-planner,Investment Planner & Calculator,text/html; charset=utf-8,false,200,0,0,https://westmountfundamentals.com/investing-calculator,404,1,,,0
20,https://westmountfundamentals.com/dividend-kings,Dividend Kings List 2025: 50+ Years of Dividend Growth,text/html; charset=utf-8,false,200,0,0,"https://westmountfundamentals.com/sites/westmount/best-stocks-to-buy
https://westmountfundamentals.com/sites/westmount/high-yield-dividend-etfs","404
404",2,,,0
