PR,URL,Title,Content type,Is rendered page,HTTP status code,Organic traffic,Referenced in sitemaps,No. of href inlinks,No. of redirect inlinks,No. of canonical inlinks,No. of hreflang inlinks,No. of pagination inlinks,No. of CSS inlinks,No. of IMG inlinks,No. of JS inlinks
20,https://westmountfundamentals.com/bond-calculator,"Free Bond Calculator | Calculate Price, YTM & Duration",text/html; charset=utf-8,false,200,0,https://westmountfundamentals.com/sitemap.xml,0,0,0,0,0,0,0,0
20,https://westmountfundamentals.com/stock-profit-calculator,Stock Profit Calculator: Calculate Returns & ROI Instantly,text/html; charset=utf-8,false,200,0,https://westmountfundamentals.com/sitemap.xml,0,0,0,0,0,0,0,0
20,https://westmountfundamentals.com/what-is-limit-order,What is a Limit Order in Stocks? A Complete Guide for Investors,text/html; charset=utf-8,false,200,0,https://westmountfundamentals.com/sitemap.xml,0,0,0,0,0,0,0,0
20,https://westmountfundamentals.com/stock-calculator,Stock Calculator: Project Your Investment Growth,text/html; charset=utf-8,false,200,0,https://westmountfundamentals.com/sitemap.xml,0,0,0,0,0,0,0,0
20,https://westmountfundamentals.com/loan-calculator,Simple Loan Calculator | Real-time Monthly Payments,text/html; charset=utf-8,false,200,0,https://westmountfundamentals.com/sitemap.xml,0,0,0,0,0,0,0,0
20,https://westmountfundamentals.com/etf-vs-mutual-fund,ETF vs Mutual Fund: Which is Right for You? (Complete Guide),text/html; charset=utf-8,false,200,0,https://westmountfundamentals.com/sitemap.xml,0,0,0,0,0,0,0,0
20,https://westmountfundamentals.com/what-is-a-bond,What is a Bond? The Ultimate Guide for Beginners,text/html; charset=utf-8,false,200,0,https://westmountfundamentals.com/sitemap.xml,0,0,0,0,0,0,0,0
20,https://westmountfundamentals.com/how-to-pay-off-debt,How to Pay Off Debt Fast: Proven Strategies and The Math Behind Them,text/html; charset=utf-8,false,200,0,https://westmountfundamentals.com/sitemap.xml,0,0,0,0,0,0,0,0
20,https://westmountfundamentals.com/what-is-liquidity,What is Liquidity in Stocks? A Guide to Market Liquidity,text/html; charset=utf-8,false,200,0,https://westmountfundamentals.com/sitemap.xml,0,0,0,0,0,0,0,0
20,https://westmountfundamentals.com/what-is-roth-ira,What is a Roth IRA? The Complete Beginner's Guide,text/html; charset=utf-8,false,200,0,https://westmountfundamentals.com/sitemap.xml,0,0,0,0,0,0,0,0
20,https://westmountfundamentals.com/how-to-invest-in-index-funds,How to Invest in Index Funds: A Complete Guide for Beginners & Intermediates,text/html; charset=utf-8,false,200,0,https://westmountfundamentals.com/sitemap.xml,0,0,0,0,0,0,0,0
20,https://westmountfundamentals.com/what-is-expense-ratio,What is an Expense Ratio? The Hidden Cost of Investing Explained,text/html; charset=utf-8,false,200,0,https://westmountfundamentals.com/sitemap.xml,0,0,0,0,0,0,0,0
20,https://westmountfundamentals.com/roth-vs-traditional-ira,Roth IRA vs Traditional IRA: Which is Better For You?,text/html; charset=utf-8,false,200,0,https://westmountfundamentals.com/sitemap.xml,0,0,0,0,0,0,0,0
20,https://westmountfundamentals.com/how-to-invest-in-bonds,How to Invest in Bonds: A Complete Guide for Beginners to Advanced,text/html; charset=utf-8,false,200,0,https://westmountfundamentals.com/sitemap.xml,0,0,0,0,0,0,0,0
20,https://westmountfundamentals.com/dividend-calculator,Dividend Calculator: Project Your Income and Reinvestment Returns,text/html; charset=utf-8,false,200,0,https://westmountfundamentals.com/sitemap.xml,0,0,0,0,0,0,0,0
20,https://westmountfundamentals.com/housing-affordability-index-2026,Housing Affordability Index 2026: US vs Canada,text/html; charset=utf-8,false,200,0,https://westmountfundamentals.com/sitemap.xml,0,0,0,0,0,0,0,0
20,https://westmountfundamentals.com/how-to-build-wealth,How to Build Wealth: A Fundamental Guide to Financial Independence,text/html; charset=utf-8,false,200,0,https://westmountfundamentals.com/sitemap.xml,0,0,0,0,0,0,0,0
20,https://westmountfundamentals.com/day-trading-simulator,Day Trading Simulator: Test Your Strategy Risk-Free,text/html; charset=utf-8,false,200,0,https://westmountfundamentals.com/sitemap.xml,0,0,0,0,0,0,0,0
20,https://westmountfundamentals.com/how-to-invest-in-etfs,How to Invest in ETFs: A Complete Guide for Beginners & Beyond,text/html; charset=utf-8,false,200,0,https://westmountfundamentals.com/sitemap.xml,0,0,0,0,0,0,0,0
20,https://westmountfundamentals.com/growth-vs-value-stocks,Growth vs Value Stocks: Which Investing Strategy Wins?,text/html; charset=utf-8,false,200,0,https://westmountfundamentals.com/sitemap.xml,0,0,0,0,0,0,0,0
20,https://westmountfundamentals.com/what-is-capital-gains-tax,What is Capital Gains Tax? A Complete Guide for Investors,text/html; charset=utf-8,false,200,0,https://westmountfundamentals.com/sitemap.xml,0,0,0,0,0,0,0,0
20,https://westmountfundamentals.com/what-is-compound-interest,What is Compound Interest? The Math Behind Wealth Building,text/html; charset=utf-8,false,200,0,https://westmountfundamentals.com/sitemap.xml,0,0,0,0,0,0,0,0
20,https://westmountfundamentals.com/what-is-dollar-cost-averaging,What is Dollar Cost Averaging (DCA)? The Ultimate Guide,text/html; charset=utf-8,false,200,0,https://westmountfundamentals.com/sitemap.xml,0,0,0,0,0,0,0,0
20,https://westmountfundamentals.com/index-fund-calculator,Index Fund Calculator: See Your True Investment Potential,text/html; charset=utf-8,false,200,0,https://westmountfundamentals.com/sitemap.xml,0,0,0,0,0,0,0,0
20,https://westmountfundamentals.com/what-is-bear-market,"What is a Bear Market? Definition, Causes, and How to Navigate It",text/html; charset=utf-8,false,200,0,https://westmountfundamentals.com/sitemap.xml,0,0,0,0,0,0,0,0
20,https://westmountfundamentals.com/capital-gains-tax-calculator,Free Capital Gains Tax Calculator & Estimator (2024-2025 Rates),text/html; charset=utf-8,false,200,0,https://westmountfundamentals.com/sitemap.xml,0,0,0,0,0,0,0,0
20,https://westmountfundamentals.com/what-is-a-portfolio,What is a Portfolio? A Complete Guide for Beginners & Investors,text/html; charset=utf-8,false,200,0,https://westmountfundamentals.com/sitemap.xml,0,0,0,0,0,0,0,0
20,https://westmountfundamentals.com/debt-payoff-calculator,Debt Payoff Calculator: See Exactly When You'll Be Debt-Free,text/html; charset=utf-8,false,200,0,https://westmountfundamentals.com/sitemap.xml,0,0,0,0,0,0,0,0
20,https://westmountfundamentals.com/portfolio-allocation-calculator,Portfolio Allocation Calculator: Find Your Ideal Asset Mix,text/html; charset=utf-8,false,200,0,https://westmountfundamentals.com/sitemap.xml,0,0,0,0,0,0,0,0
20,https://westmountfundamentals.com/how-to-save-for-retirement,How to Save for Retirement: The Complete Guide,text/html; charset=utf-8,false,200,0,https://westmountfundamentals.com/sitemap.xml,0,0,0,0,0,0,0,0
20,https://westmountfundamentals.com/net-worth-calculator,Free Net Worth Calculator (Instant Results),text/html; charset=utf-8,false,200,0,https://westmountfundamentals.com/sitemap.xml,0,0,0,0,0,0,0,0
20,https://westmountfundamentals.com/retirement-calculator,Retirement Calculator: Plan Your Financial Future,text/html; charset=utf-8,false,200,0,https://westmountfundamentals.com/sitemap.xml,0,0,0,0,0,0,0,0
20,https://westmountfundamentals.com/what-is-net-worth,What is Net Worth? The Ultimate Guide for Beginners,text/html; charset=utf-8,false,200,0,https://westmountfundamentals.com/sitemap.xml,0,0,0,0,0,0,0,0
20,https://westmountfundamentals.com/trading-simulator,Free Trading Simulator & Stock Market Practice Game,text/html; charset=utf-8,false,200,0,https://westmountfundamentals.com/sitemap.xml,0,0,0,0,0,0,0,0
20,https://westmountfundamentals.com/what-is-beta,What is Beta in Stocks? The Complete Guide to Market Risk,text/html; charset=utf-8,false,200,0,https://westmountfundamentals.com/sitemap.xml,0,0,0,0,0,0,0,0
20,https://westmountfundamentals.com/what-is-pe-ratio,What is the P/E Ratio in Stocks? A Complete Guide to Price-to-Earnings,text/html; charset=utf-8,false,200,0,https://westmountfundamentals.com/sitemap.xml,0,0,0,0,0,0,0,0
