PR,URL,Title,Content type,Is rendered page,HTTP status code,Organic traffic,Is in sitemap,Canonical URL,Canonical URL code,Referenced in sitemaps,No. of all inlinks
0,https://westmountfundamentals.com/guide-technical-analysis-basics,Technical Analysis for Fundamental Investors: What Actually Works,text/html; charset=utf-8,false,200,0,true,https://westmountfundamentals.com/guide-technical-analysis-basics.html,404,https://westmountfundamentals.com/sitemap.xml,1
0,https://westmountfundamentals.com/stock-correlation-matrix,Stock Correlation Matrix | Westmount Fundamentals,text/html; charset=utf-8,false,200,0,true,https://westmountfundamentals.com/stock-correlation-matrix.html,404,https://westmountfundamentals.com/sitemap.xml,1
0,https://westmountfundamentals.com/guide-read-balance-sheet,How to Read a Balance Sheet | Westmount Fundamentals,text/html; charset=utf-8,false,200,0,true,https://westmountfundamentals.com/guide-read-balance-sheet.html,404,https://westmountfundamentals.com/sitemap.xml,2
0,https://westmountfundamentals.com/guide-dividend-portfolio,How to Build a Dividend Portfolio from Scratch (2026) | Westmount Fundamentals,text/html; charset=utf-8,false,200,0,true,https://westmountfundamentals.com/guide-dividend-portfolio.html,404,https://westmountfundamentals.com/sitemap.xml,2
0,https://westmountfundamentals.com/tax-loss-harvesting-calculator,Tax-Loss Harvesting Calculator & Strategy Guide | Westmount Fundamentals,text/html; charset=utf-8,false,200,0,true,https://westmountfundamentals.com/tax-loss-harvesting-calculator.html,404,https://westmountfundamentals.com/sitemap.xml,1
0,https://westmountfundamentals.com/sp500-sector-performance-study-2026,S&P 500 Sector Performance 2026 | Westmount Fundamentals,text/html; charset=utf-8,false,200,0,true,https://westmountfundamentals.com/sp500-sector-performance-study-2026.html,404,https://westmountfundamentals.com/sitemap.xml,1
0,https://westmountfundamentals.com/guide-market-cycles,Understanding Market Cycles: When to Be Greedy and When to Be Fearful,text/html; charset=utf-8,false,200,0,true,https://westmountfundamentals.com/guide-market-cycles.html,404,https://westmountfundamentals.com/sitemap.xml,2
0,https://westmountfundamentals.com/list-best-robo-advisors-canada-2026,Best Robo-Advisors in Canada (2026) | Westmount Fundamentals,text/html; charset=utf-8,false,200,0,true,https://westmountfundamentals.com/list-best-robo-advisors-canada-2026.html,404,https://westmountfundamentals.com/sitemap.xml,1
0,https://westmountfundamentals.com/dollar-cost-averaging-calculator,Dollar Cost Averaging Calculator | Westmount Research,text/html; charset=utf-8,false,200,0,true,https://westmountfundamentals.com/dollar-cost-averaging-calculator.html,404,https://westmountfundamentals.com/sitemap.xml,1
