PR,URL,Title,Content type,Is rendered page,HTTP status code,Organic traffic,Depth,H1,H1 length,No. of H1,Is indexable page
20,https://westmountfundamentals.com/etf-comparison-tool,ETF Comparison Tool: Side-by-Side Analysis | Westmount,text/html; charset=utf-8,false,200,0,0,,,0,true
20,https://westmountfundamentals.com/cost-of-living-by-state-2026,Cost of Living by State 2026: Affordability Ranked,text/html; charset=utf-8,false,200,0,0,,,0,true
20,https://westmountfundamentals.com/wealthsimple-vs-questrade-vs-ibkr-2026,Wealthsimple vs Questrade vs IBKR (2026 Comparison),text/html; charset=utf-8,false,200,0,0,,,0,true
20,https://westmountfundamentals.com/equity-risk-premium,Earnings Yield vs Bond Yield: Is the Stock Market Fairly ...,text/html; charset=utf-8,false,200,0,0,,,0,true
20,https://westmountfundamentals.com/sp500-top-10-holdings-weight-2026,S&P 500 Top 10 Stocks by Weight 2026,text/html; charset=utf-8,false,200,0,0,,,0,true
20,https://westmountfundamentals.com/ipo-performance,IPO Performance Tracker: First-Year Returns 2024-2026,text/html; charset=utf-8,false,200,0,0,,,0,true
20,https://westmountfundamentals.com/guide-reading-financial-statements,How to Read Financial Statements - Westmount Fundamentals,text/html; charset=utf-8,false,200,0,0,,,0,true
20,https://westmountfundamentals.com/guide-portfolio-diversification,Portfolio Diversification Guide: How Many Stocks Do You A...,text/html; charset=utf-8,false,200,0,0,,,0,true
20,https://westmountfundamentals.com/average-institutional-ownership-2026,Average Institutional Ownership of US Public Companies,text/html; charset=utf-8,false,200,0,0,,,0,true
20,https://westmountfundamentals.com/lowest-expense-ratio-etfs-2026,The Cheapest ETFs in 2026: Lowest Expense Ratio ETFs by C...,text/html; charset=utf-8,false,200,0,0,,,0,true
20,https://westmountfundamentals.com/market-concentration,S&P 500 Market Cap Concentration 2026 — Westmount Research,text/html; charset=utf-8,false,200,0,0,,,0,true
20,https://westmountfundamentals.com/roe-rankings,Return on Equity Rankings: Most Efficient S&P 500 Compani...,text/html; charset=utf-8,false,200,0,0,,,0,true
20,https://westmountfundamentals.com/value-vs-growth-stocks-2026,Value vs Growth Stocks: Performance Comparison (2026),text/html; charset=utf-8,false,200,0,0,,,0,true
20,https://westmountfundamentals.com/best-performing-stocks-2026,Best Performing Stocks 2026 YTD: Top Gainers in the S&P 500,text/html; charset=utf-8,false,200,0,0,,,0,true
20,https://westmountfundamentals.com/margin-calculator,Margin & Leverage Calculator | Westmount Fundamentals,text/html; charset=utf-8,false,200,0,0,,,0,true
20,https://westmountfundamentals.com/warren-buffett-portfolio-2026,Warren Buffett's Portfolio 2026: Every Berkshire Hathaway...,text/html; charset=utf-8,false,200,0,0,,,0,true
20,https://westmountfundamentals.com/bond-yield-curve-2026,Treasury Yield Curve 2026: Current Rates and Inversion An...,text/html; charset=utf-8,false,200,0,0,,,0,true
20,https://westmountfundamentals.com/guide-bond-ratings,Understanding Bond Ratings & Fixed Income,text/html; charset=utf-8,false,200,0,0,,,0,true
20,https://westmountfundamentals.com/magnificent-seven-stocks-2026,"Magnificent 7 Stocks 2026: Performance, Valuations, and W...",text/html; charset=utf-8,false,200,0,0,,,0,true
20,https://westmountfundamentals.com/short-squeeze-candidates-march-2026,Short Squeeze Candidates March 2026: Stocks Most Likely t...,text/html; charset=utf-8,false,200,0,0,,,0,true
20,https://westmountfundamentals.com/best-sp500-index-funds-2026,Best S&P 500 Index Funds 2026: VOO vs IVV vs SPLG vs SPY,text/html; charset=utf-8,false,200,0,0,,,0,true
20,https://westmountfundamentals.com/dividend-yield-calculator,Dividend Yield Calculator: Annual Income Estimator,text/html; charset=utf-8,false,200,0,0,,,0,true
20,https://westmountfundamentals.com/vea-etf-review-2026,VEA ETF Review: Vanguard Developed Markets (2026),text/html; charset=utf-8,false,200,0,0,,,0,true
20,https://westmountfundamentals.com/guide-tax-efficient-investing,Tax-Efficient Investing: Complete Strategy Guide,text/html; charset=utf-8,false,200,0,0,,,0,true
20,https://westmountfundamentals.com/sp500-sector-weights,S&P 500 Sector Weights: The 25-Year Rotation (2000-2026),text/html; charset=utf-8,false,200,0,0,,,0,true
20,https://westmountfundamentals.com/vgro-etf-review-2026,VGRO ETF Review 2026: 80/20 Portfolio Canada,text/html; charset=utf-8,false,200,0,0,,,0,true
20,https://westmountfundamentals.com/best-etfs-canada-2026,Best ETFs in Canada (2026): Top Picks by Category,text/html; charset=utf-8,false,200,0,0,,,0,true
20,https://westmountfundamentals.com/guide-value-investing,Value Investing Fundamentals | Westmount Research,text/html; charset=utf-8,false,200,0,0,,,0,true
20,https://westmountfundamentals.com/small-cap-value-stocks-2026,Small Cap Value Stocks 2026: Undervalued Small Companies ...,text/html; charset=utf-8,false,200,0,0,,,0,true
20,https://westmountfundamentals.com/debt-to-equity,Debt-to-Equity Rankings: Most & Least Leveraged S&P 500 C...,text/html; charset=utf-8,false,200,0,0,,,0,true
20,https://westmountfundamentals.com/inflation-adjusted-stock-returns,Inflation-Adjusted Stock Returns: Real S&P 500 Returns 19...,text/html; charset=utf-8,false,200,0,0,,,0,true
20,https://westmountfundamentals.com/splg-etf-review-2026,SPLG ETF Review: SPDR Portfolio S&P 500 (2026),text/html; charset=utf-8,false,200,0,0,,,0,true
20,https://westmountfundamentals.com/tfsa-contribution-room-2026,TFSA Contribution Room & Limits (2026 Calculator),text/html; charset=utf-8,false,200,0,0,,,0,true
20,https://westmountfundamentals.com/stock-splits-history,Stock Split History & Post-Split Performance (2020-2026),text/html; charset=utf-8,false,200,0,0,,,0,true
20,https://westmountfundamentals.com/list-best-money-market-funds-2026,Best Money Market Funds 2026: Top Yields Ranked,text/html; charset=utf-8,false,200,0,0,,,0,true
20,https://westmountfundamentals.com/sp500-returns-by-month,S&P 500 Returns by Month: Seasonal Market Patterns,text/html; charset=utf-8,false,200,0,0,,,0,true
20,https://westmountfundamentals.com/insider-trading,Insider Trading Tracker: Who Is Buying & Selling Their Ow...,text/html; charset=utf-8,false,200,0,0,,,0,true
20,https://westmountfundamentals.com/retirement-withdrawal-calculator,Retirement Withdrawal Calculator: 4% Rule & Beyond,text/html; charset=utf-8,false,200,0,0,,,0,true
20,https://westmountfundamentals.com/revenue-per-employee,Revenue Per Employee: The Most Efficient Companies in the...,text/html; charset=utf-8,false,200,0,0,,,0,true
20,https://westmountfundamentals.com/most-shorted-stocks-march-2026,Most Shorted Stocks March 2026: Complete Short Interest R...,text/html; charset=utf-8,false,200,0,0,,,0,true
20,https://westmountfundamentals.com/free-cash-flow-yield,Free Cash Flow Yield: Top 50 S&P 500 Companies 2026,text/html; charset=utf-8,false,200,0,0,,,0,true
20,https://westmountfundamentals.com/real-return-calculator,Real Return Calculator: Inflation-Adjusted Returns,text/html; charset=utf-8,false,200,0,0,,,0,true
20,https://westmountfundamentals.com/spy-etf-review-2026,SPY ETF Review 2026: SPDR S&P 500 Trust Analysis,text/html; charset=utf-8,false,200,0,0,,,0,true
20,https://westmountfundamentals.com/sp500-earnings-growth-rankings,S&P 500 Earnings Growth Rankings 2026: Fastest Growing Co...,text/html; charset=utf-8,false,200,0,0,,,0,true
20,https://westmountfundamentals.com/price-to-book,Price-to-Book Ratio Rankings by Sector 2026,text/html; charset=utf-8,false,200,0,0,,,0,true
20,https://westmountfundamentals.com/average-etf-expense-ratio-2026,Average ETF Expense Ratio (2026): What You Should Actuall...,text/html; charset=utf-8,false,200,0,0,,,0,true
20,https://westmountfundamentals.com/best-international-etfs-2026,Best International ETFs 2026: Top Foreign Funds Ranked,text/html; charset=utf-8,false,200,0,0,,,0,true
20,https://westmountfundamentals.com/institutional-ownership,Institutional Ownership: Most & Least Owned Stocks 2026,text/html; charset=utf-8,false,200,0,0,,,0,true
20,https://westmountfundamentals.com/largest-stock-buybacks-2026,Largest Stock Buybacks 2026: Which Companies Are Buying B...,text/html; charset=utf-8,false,200,0,0,,,0,true
20,https://westmountfundamentals.com/guide-dollar-cost-averaging,Dollar-Cost Averaging: Does It Actually Beat Lump Sum Inv...,text/html; charset=utf-8,false,200,0,0,,,0,true
20,https://westmountfundamentals.com/dividend-aristocrats-complete-list-2026,Complete List of S&P 500 Dividend Aristocrats,text/html; charset=utf-8,false,200,0,0,,,0,true
20,https://westmountfundamentals.com/sp500-peg-ratios,S&P 500 PEG Ratio Rankings 2026 - Westmount Fundamentals,text/html; charset=utf-8,false,200,0,0,,,0,true
20,https://westmountfundamentals.com/best-dividend-etfs-2026,"Best Dividend ETFs 2026: Yield, Growth, and Total Return ...",text/html; charset=utf-8,false,200,0,0,,,0,true
20,https://westmountfundamentals.com/rrsp-contribution-limit-2026,RRSP Contribution Limit & Deduction Calculator 2026,text/html; charset=utf-8,false,200,0,0,,,0,true
20,https://westmountfundamentals.com/beta-volatility,Beta & Volatility Rankings: S&P 500 Risk Analysis (2026),text/html; charset=utf-8,false,200,0,0,,,0,true
20,https://westmountfundamentals.com/working-capital,Working Capital Efficiency Rankings 2026,text/html; charset=utf-8,false,200,0,0,,,0,true
20,https://westmountfundamentals.com/market-concentration-analysis-2026,Stock Market Concentration Analysis 2026 | Westmount Fundamentals,text/html; charset=utf-8,false,200,0,0,,,0,true
20,https://westmountfundamentals.com/sp500-earnings-calendar-2026,S&P 500 Earnings Calendar 2026: Upcoming Reports,text/html; charset=utf-8,false,200,0,0,,,0,true
20,https://westmountfundamentals.com/highest-expense-ratio-etfs-2026,The Most Expensive ETFs in 2026: Are You Overpaying?,text/html; charset=utf-8,false,200,0,0,,,0,true
20,https://westmountfundamentals.com/dividend-payout-ratios,Dividend Payout Ratio Analysis 2026 | Westmount Fundamentals,text/html; charset=utf-8,false,200,0,0,,,0,true
20,https://westmountfundamentals.com/list-safest-dividend-stocks-2026,20 Safest Dividend Stocks for Income Investors (2026),text/html; charset=utf-8,false,200,0,0,,,0,true
20,https://westmountfundamentals.com/sector-rotation-analysis-2026,Sector Rotation Analysis & Predictions 2026 | Westmount Fundamentals,text/html; charset=utf-8,false,200,0,0,,,0,true
20,https://westmountfundamentals.com/reit-dividend-yields-2026,REIT Dividend Yields 2026: Highest Yielding REITs Ranked,text/html; charset=utf-8,false,200,0,0,,,0,true
20,https://westmountfundamentals.com/etf-expense-ratios,"ETF Expense Ratios 2026: Compare VOO, SPY, IVV & 86 ETFs — Westmount",text/html; charset=utf-8,false,200,0,0,,,0,true
20,https://westmountfundamentals.com/market-sector-analysis-dashboard,Market Sector Analysis Dashboard | Westmount Fundamentals,text/html; charset=utf-8,false,200,0,0,,,0,true
20,https://westmountfundamentals.com/sp500-pe-ratio-history,S&P 500 P/E Ratio History: Is the Market Overvalued in 2026?,text/html; charset=utf-8,false,200,0,0,,,0,true
