Link type,Is nofollow,Source URL,Source HTTP status code,Target URL,Target HTTP status code,Anchor,Hreflang attribute,Target final redirect URL,Target final redirect HTTP status code,Is source canonical,Is source noindex,Is link internal
Href link,false,https://westmountfundamentals.com/stock-comparison-tool?symbols=TSLA,200,https://westmountfundamentals.com/coming-soon,404,Roadmap,,,,false,false,true
Href link,false,https://westmountfundamentals.com/stock-comparison-tool?symbols=T,200,https://westmountfundamentals.com/coming-soon,404,Roadmap,,,,false,false,true
Href link,false,https://westmountfundamentals.com/stock-comparison-tool?symbols=NVDA,200,https://westmountfundamentals.com/coming-soon,404,Roadmap,,,,false,false,true
Href link,false,https://westmountfundamentals.com/stock-comparison-tool?symbols=AAPL,200,https://westmountfundamentals.com/coming-soon,404,Roadmap,,,,false,false,true
Href link,false,https://westmountfundamentals.com/stock-comparison-tool?symbols=XOM,200,https://westmountfundamentals.com/coming-soon,404,Roadmap,,,,false,false,true
Href link,false,https://westmountfundamentals.com/tax-loss-harvesting-calculator,200,https://westmountfundamentals.com/coming-soon,404,Roadmap,,,,false,false,true
Href link,false,https://westmountfundamentals.com/guide-market-cycles,200,https://westmountfundamentals.com/coming-soon,404,Roadmap,,,,false,false,true
Href link,false,https://westmountfundamentals.com/stock-comparison-tool?symbols=META,200,https://westmountfundamentals.com/coming-soon,404,Roadmap,,,,false,false,true
Href link,false,https://westmountfundamentals.com/stock-comparison-tool?symbols=AVGO,200,https://westmountfundamentals.com/coming-soon,404,Roadmap,,,,false,false,true
Href link,false,https://westmountfundamentals.com/stock-comparison-tool?symbols=COST,200,https://westmountfundamentals.com/coming-soon,404,Roadmap,,,,false,false,true
Href link,false,https://westmountfundamentals.com/stock-correlation-matrix,200,https://westmountfundamentals.com/coming-soon,404,Roadmap,,,,false,false,true
Href link,false,https://westmountfundamentals.com/guide-technical-analysis-basics,200,https://westmountfundamentals.com/coming-soon,404,Roadmap,,,,false,false,true
Href link,false,https://westmountfundamentals.com/guide-read-balance-sheet,200,https://westmountfundamentals.com/coming-soon,404,Roadmap,,,,false,false,true
Href link,false,https://westmountfundamentals.com/stock-comparison-tool?symbols=LLY,200,https://westmountfundamentals.com/coming-soon,404,Roadmap,,,,false,false,true
Href link,false,https://westmountfundamentals.com/stock-comparison-tool?symbols=KO,200,https://westmountfundamentals.com/coming-soon,404,Roadmap,,,,false,false,true
Href link,false,https://westmountfundamentals.com/dollar-cost-averaging-calculator,200,https://westmountfundamentals.com/coming-soon,404,Roadmap,,,,false,false,true
Href link,false,https://westmountfundamentals.com/stock-comparison-tool?symbols=MO,200,https://westmountfundamentals.com/coming-soon,404,Roadmap,,,,false,false,true
Href link,false,https://westmountfundamentals.com/guide-dividend-portfolio,200,https://westmountfundamentals.com/dividend-aristocrats-analysis-2026.html,404,Dividend Aristocrats,,,,false,false,true
Href link,false,https://westmountfundamentals.com/stock-comparison-tool?symbols=BRK-B,200,https://westmountfundamentals.com/coming-soon,404,Roadmap,,,,false,false,true
Href link,false,https://westmountfundamentals.com/stock-comparison-tool?symbols=JPM,200,https://westmountfundamentals.com/coming-soon,404,Roadmap,,,,false,false,true
Href link,false,https://westmountfundamentals.com/stock-comparison-tool?symbols=MSFT,200,https://westmountfundamentals.com/coming-soon,404,Roadmap,,,,false,false,true
Href link,false,https://westmountfundamentals.com/stock-comparison-tool?symbols=UNH,200,https://westmountfundamentals.com/coming-soon,404,Roadmap,,,,false,false,true
Href link,false,https://westmountfundamentals.com/stock-comparison-tool?symbols=JNJ,200,https://westmountfundamentals.com/coming-soon,404,Roadmap,,,,false,false,true
Href link,false,https://westmountfundamentals.com/stock-comparison-tool?symbols=HD,200,https://westmountfundamentals.com/coming-soon,404,Roadmap,,,,false,false,true
Href link,false,https://westmountfundamentals.com/stock-comparison-tool?symbols=PEP,200,https://westmountfundamentals.com/coming-soon,404,Roadmap,,,,false,false,true
Href link,false,https://westmountfundamentals.com/stock-comparison-tool?symbols=GOOGL,200,https://westmountfundamentals.com/coming-soon,404,Roadmap,,,,false,false,true
Href link,false,https://westmountfundamentals.com/stock-comparison-tool?symbols=CVX,200,https://westmountfundamentals.com/coming-soon,404,Roadmap,,,,false,false,true
Href link,false,https://westmountfundamentals.com/stock-comparison-tool?symbols=MRK,200,https://westmountfundamentals.com/coming-soon,404,Roadmap,,,,false,false,true
Href link,false,https://westmountfundamentals.com/sp500-sector-performance-study-2026,200,https://westmountfundamentals.com/coming-soon,404,Roadmap,,,,false,false,true
Href link,false,https://westmountfundamentals.com/stock-comparison-tool?symbols=V,200,https://westmountfundamentals.com/coming-soon,404,Roadmap,,,,false,false,true
Href link,false,https://westmountfundamentals.com/stock-comparison-tool?symbols=VZ,200,https://westmountfundamentals.com/coming-soon,404,Roadmap,,,,false,false,true
Href link,false,https://westmountfundamentals.com/stock-comparison-tool?symbols=AMZN,200,https://westmountfundamentals.com/coming-soon,404,Roadmap,,,,false,false,true
Href link,false,https://westmountfundamentals.com/guide-dividend-portfolio,200,https://westmountfundamentals.com/coming-soon,404,Roadmap,,,,false,false,true
Href link,false,https://westmountfundamentals.com/stock-comparison-tool?symbols=MA,200,https://westmountfundamentals.com/coming-soon,404,Roadmap,,,,false,false,true
Href link,false,https://westmountfundamentals.com/stock-comparison-tool?symbols=WMT,200,https://westmountfundamentals.com/coming-soon,404,Roadmap,,,,false,false,true
Href link,false,https://westmountfundamentals.com/stock-comparison-tool?symbols=PG,200,https://westmountfundamentals.com/coming-soon,404,Roadmap,,,,false,false,true
Href link,false,https://westmountfundamentals.com/stock-comparison-tool?symbols=ABBV,200,https://westmountfundamentals.com/coming-soon,404,Roadmap,,,,false,false,true
Href link,false,https://westmountfundamentals.com/list-best-robo-advisors-canada-2026,200,https://westmountfundamentals.com/coming-soon,404,Roadmap,,,,false,false,true
