PR,URL,Title,Content type,Is rendered page,HTTP status code,No. of content words,Page text,Extracted text (raw <body>) (length),Text hash,Meta description,H1,Organic traffic,Is indexable page
40,https://ijustwantto.live/,I Just Want To,text/html; charset=utf-8,false,200,1260,"I Just Want To
I Just Want To ToolsGuidesLists
I Just Want To
46 free tools, guides, and resources. No sign-ups required.
🛠️ TOOLS Calculators & Tools
Free, instant calculators — no sign-ups required.
🛠️ Bathroom Remodel Budget Checklist
Plan your bathroom renovation with this interactive checklist. Select items to see cost ranges and get a live running…
🧮 Board Foot Calculator
Stop guessing your lumber needs. Calculate exact board footage in seconds before your next project.
🧮 Room BTU Calculator (Heating & Cooling) | ijustwantto.live
Calculate the required heating and cooling BTUs for your room based on dimensions, insulation, sun exposure, and…
🧮 Circumference Calculator | Find Area & Perimeter of a Circle
Calculate the circumference, area, and diameter of any circle instantly. Understand the math behind C = 2πr with our…
🧮 Concrete Calculator - Estimate Yards & Bags
Calculate cubic yards of concrete for slabs, footings, columns, and post holes. Includes a 10% waste factor and…
🧮 Cubic Feet Calculator
Calculate cubic footage instantly. Convert length, width, and height measurements into total volume with our precise,…
🧮 Cubic Yard Calculator
Stop guessing how much material you need. Our interactive cubic yard calculator accurately determines volume for…
🧮 Deck Board Calculator - Estimate Decking & Joists
Calculate the number of decking boards, linear feet of joists, and deck screws required for your project. Includes a…
🧮 Drywall Calculator - Estimate Sheets, Tape, Mud & Screws
Calculate drywall materials needed for your project including 4x8 and 4x12 sheets, joint tape, joint compound, and…
🧮 Electricity Cost Calculator
Calculate your electricity costs by appliance. Compare presets, add custom appliances, and see a visual breakdown of…
🧮 Fence Calculator - Estimate Materials & Cost
Calculate fence materials including posts, rails, pickets, and concrete. Estimate total cost for your fencing project…
🛠️ Flooring Cost Estimator & Comparison
Calculate the total cost of your new floors. Compare hardwood, laminate, vinyl, tile, and carpet side-by-side to find…
🧮 Gravel & Mulch Calculator - Estimate Yards, Tons & Bags
Calculate cubic yards, tons, and bags needed for gravel, mulch, and soil projects. Easy calculator for landscaping…
🧮 Paint Area & Cost Calculator Guide
Calculate exactly how many gallons of paint you need and estimate the total material cost for your interior room…
🛠️ Kitchen Renovation Cost Calculator
Estimate your kitchen remodeling costs based on size, scope, and quality of finishes. Get an itemized breakdown for…
🧮 Lumber Calculator - Board Feet & Cost
Calculate board feet and total cost for your lumber projects. Features a batch mode to estimate multiple pieces of…
🧮 Mulch Calculator - Estimate Cubic Yards & Cost
Calculate exactly how much mulch you need for your landscaping project. Estimate cubic yards, add multiple beds, apply…
🧮 Paint Calculator - Estimate Gallons & Cost
Calculate exactly how much paint you need for your next room makeover. Enter dimensions, subtract doors and windows,…
🧮 Home Renovation ROI Calculator
Calculate the expected Return on Investment (ROI) for your remodeling project. See how much value your renovation will…
🛠️ Roof Pitch Calculator - Ratio, Degrees & Area
Calculate roof pitch (rise over run), convert to degrees and percentages, and estimate total roof area from the flat…
🧮 Solar Panel Calculator | ijustwantto.live
Calculate your recommended solar system size, number of panels needed, estimated costs, and payback period.
🧮 Square Footage Calculator
Calculate square footage for any room or shape in seconds. Are you buying enough materials for your next project? Find…
🧮 Square Footage Calculator - Multiple Shapes & Areas
Calculate square footage for rooms and projects. Add multiple areas including rectangular, triangular, and circular…
🧮 Square Feet Calculator: Area Measurement Tool
Calculate square footage precisely for any room or property. The real cost of miscalculating floor area is higher than…
🧮 Square Foot Calculator | Calculate Area for Rooms & Projects
Stop guessing how much material you need. Our free square foot calculator instantly determines the exact area of your…
🧮 Square Footage Calculator | Area Formula & Cost Estimator
Calculate square footage instantly. Discover the formulas used by contractors to measure odd-shaped rooms and why…
🧮 Stair Calculator - Calculate Rise, Run & Stringer
Calculate stair rise, run, stringer length, and steps. Check building code compliance for safe and comfortable stairs.
🧮 Surface Area Calculator
Struggling to remember complex geometric formulas? Instantly calculate the exact exterior area of 3D shapes like…
🧮 Tile Calculator - Estimate Floor & Wall Tiles
Calculate the number of tiles needed for floors and walls. Includes grout spacing, waste factor, and cost estimates.
🔬 STUDIES Research & Analysis
Data-driven research with real numbers.
DIY vs. Contractor Quiz & Guide
Should you hire a pro or do it yourself? Take our interactive quiz and read our comprehensive guide on the pros and cons of DIY home renovation.
📖 GUIDES Guides & Explainers
Clear, jargon-free explanations.
📖 Average Electricity Cost by State 2026 | ijustwantto.live
Compare residential electricity rates across all 50 US states. Find the cheapest and most expensive states for…
📖 Home Energy Efficiency Guide: Save Money & Stay Comfortable
A comprehensive guide to home energy efficiency: insulation, HVAC sizing, solar panels, electricity costs, and reducing…
📖 Building & Maintaining Your Home's Exterior
A complete guide to home exterior projects: decks, fences, stairs, roofing — planning, materials, building codes, and…
📖 Home Insulation Guide - Types & R-Values Cheat Sheet
A comprehensive reference guide for home insulation. Compare fiberglass, spray foam, cellulose, and mineral wool.
📖 Construction Materials Calculator Guide: Get the Math Right
A comprehensive guide to calculating construction materials: concrete, lumber, drywall, gravel, tile, and mulch — with…
📖 How to Paint a Room Like a Pro - Step-by-Step Guide
A comprehensive cheat sheet and step-by-step guide on how to paint a room perfectly. Covers prep, primer, cutting in,…
📖 The Ultimate Home Renovation Guide
A comprehensive guide to planning, budgeting, and executing your home renovation project. Find cost ranges, timelines,…
📖 Home Renovation Timeline Estimator
Estimate how long your remodeling project will take with our interactive visual timeline estimator. Plan your…
📖 How to Unclog a Drain: Best Methods Ranked
Learn the most effective ways to unclog a drain without calling a plumber. We rank methods from plunging to snaking and…
📖 Home Renovation Permit Guide & Checker
Avoid costly fines and delays. Use our interactive checker to find out if your specific renovation project likely…
📖 How Does a Stud Finder Work? A Developer's Guide to Sensor Tech
Ever wondered how that little plastic device sees through walls? The physics behind stud finders might surprise you—and…
📋 LISTS Lists & Rankings
Curated, ranked, and compared.
✅ Home Inspection Checklist & Red Flags | I Just Want To
A comprehensive home inspection checklist for buyers. Learn what inspectors check, how to spot red flags, and how to…
✅ Home Inventory Checklist: Room-by-Room Guide for Claims
A comprehensive guide and interactive tool to help you create a detailed home inventory, ensuring you get the maximum…
📋 Best Air Purifiers 2025 | ijustwantto.live
Compare the best air purifiers by room size, filter type, noise level, and price. Find the right HEPA, activated…
📋 Essential Home Tools | ijustwantto.live
A curated list of must-have tools for every homeowner. Compare hand tools, power tools, and safety gear with budget…
✅ Moving Day Checklist & Timeline | I Just Want To
Plan your move without the stress. Our complete moving day checklist covers everything from transferring utilities and…
© 2026 I Just Want To · A GAB Ventures property. Not investment advice. All information for educational purposes only.",8282,18151034506015500254,"I Just Want To — tools, guides, studies, and resources.",I Just Want To,0,true
